AddressName,CompanyName,StreetLineOne,StreetLineTwo,City,StateCode,PostalCode,OfficePhone
#1 Clearwater  FL,Pinch A Penny #1,1480 S Belcher Rd,,Clearwater ,FL,33764-2877,(727) 535-1986
#2 Seminole  FL,Pinch A Penny #2,9686 Seminole Blvd,,Seminole ,FL,33772-2525,(727) 397-6817
#3 Saint Petersburg  FL,Pinch A Penny #3,5900 9Th Ave N,Ste A,Saint Petersburg ,FL,33710-6228,(727) 343-7696
#4 Brandon  FL,Pinch A Penny #4,212 E Brandon Blvd,,Brandon ,FL,33511-5221,(813) 689-2801
#5 Lakeland  FL,Pinch A Penny #5,3025 Lakeland Highlands Rd,,Lakeland ,FL,33803-4339,(863) 683-3383
#9 Temple Terrace  FL,Pinch A Penny #9,6722 E Fowler Ave,,Temple Terrace ,FL,33617-2410,(813) 988-0306
#10 Venice  FL,Pinch A Penny #10,1245 Us-41 Bypass S,,Venice ,FL,34285,(941) 484-0220
#11 Bradenton  FL,Pinch A Penny #11,3500 Manatee Ave W,,Bradenton ,FL,34205-2555,(941) 747-1143
#12 Winter Haven  FL,Pinch A Penny #12,2801 Dundee Rd,,Winter Haven ,FL,33884-0936,(863) 324-6580
#13 Port Richey  FL,Pinch A Penny #13,6726 Ridge Rd,,Port Richey ,FL,34668-6840,(727) 848-7474
#15 Ocoee  FL,Pinch A Penny #15,8983 W Colonial Dr,,Ocoee ,FL,34761-6918,(407) 293-3220
#17 Palm Harbor  FL,Pinch A Penny #17,32350 Us Highway 19 N,,Palm Harbor ,FL,34684-3707,(727) 785-8841
#18 Naples FL,Pinch A Penny #18,2301 Davis Blvd,,Naples,FL,34104-4212,(239) 732-8233
#20 Orlando FL,Pinch A Penny #20,425 South Semoran Boulevard,,Orlando,FL,32807,(407) 273-2260
#21 Winter Park FL,Pinch A Penny #21,5411 Lake Howell Rd,,Winter Park,FL,32792-1033,(407) 677-6577
#23 Orlando FL,Pinch A Penny #23,5647 S Orange Ave,,Orlando,FL,32809-4289,(407) 851-4954
#24 Valrico FL,Pinch A Penny #24,3210 Lithia Pinecrest Rd,,Valrico,FL,33596-5606,(813) 681-6552
#25 Merritt Island  FL,Pinch A Penny #25,950 N Courtenay Pkwy,,Merritt Island ,FL,32953-4501,(321) 453-1986
#26 Harbour Beach  FL,Pinch A Penny #26,284 E Eau Gallie Blvd Indian,,Harbour Beach ,FL,32937-4874,(321) 777-7237
#27 Boca Raton  FL,Pinch A Penny #27,1301 W Palmetto Park Rd,,Boca Raton ,FL,33486-3313,(561) 395-2378
#28 Fort Myers FL,Pinch A Penny #28,11601 S. Cleveland Avenue,Suite 14,Fort Myers,FL,33907-2868,(239) 936-7166
#29 Pompano Beach FL,Pinch A Penny #29,1751 S Dixie Hwy Bldg B,,Pompano Beach,FL,33060-8931,(954) 782-1105
#30 Orange Park FL,Pinch A Penny #30,1237 Park Ave,,Orange Park,FL,32073-4158,(904) 269-4401
#31 Jacksonville FL,Pinch A Penny #31,33 Arlington Rd S,,Jacksonville,FL,32216-9206,(904) 724-1786
#33 Gainesville FL,Pinch A Penny #33,5010 Nw 34Th Blvd,,Gainesville,FL,32605-1151,(352) 372-4489
#34 Coral Springs FL,Pinch A Penny #34,11700 Wiles Rd,,Coral Springs,FL,33076-2159,(954) 752-6112
#35 North Palm Beach  FL,Pinch A Penny #35,814 Northlake Blvd,,North Palm Beach ,FL,33408-5210,(561) 508-4919
#36 Lake Worth FL,Pinch A Penny #36,3826 S Jog Rd,,Lake Worth,FL,33467-1516,(561) 964-0103
#38 Saint Augustine  FL,Pinch A Penny #38,1740 A1a S,,Saint Augustine ,FL,32080-5547,(904) 471-6294
#41 Palmetto Bay  FL,Pinch A Penny #41,14405 S Dixie Hwy,,Palmetto Bay ,FL,33176-7924,(305) 252-1946
#42 Sunrise  FL,Pinch A Penny #42,8880 Nw 44Th St,,Sunrise ,FL,33351-5302,(954) 748-0494
#43 Miami  FL,Pinch A Penny #43,11035 Bird Road,,Miami ,FL,33165-4414,(305) 221-0673
#44 Hollywood  FL,Pinch A Penny #44,6605 Taft St,,Hollywood ,FL,33024-4010,(954) 987-7422
#45 Titusville  FL,Pinch A Penny #45,2505 Garden St,,Titusville ,FL,32796-4612,(321) 269-7117
#47 Spring Hill  FL,Pinch A Penny #47,8417 Northcliffe Blvd,,Spring Hill ,FL,34606-1141,(352) 686-5496
#48 Port Charlotte  FL,Pinch A Penny #48,1300E Enterprise Dr,,Port Charlotte ,FL,33953-3801,(941) 743-7665
#49 Tallahassee  FL,Pinch A Penny #49,2473 Greer Rd,,Tallahassee ,FL,32308-4250,(850) 385-8197
#52 Dunedin FL,Pinch A Penny #52,1120 Overcash Dr,,Dunedin,FL,34698-5596,(727) 736-5299
#54 Spring Hill  FL,Pinch A Penny #54,1410 Kass Cir,,Spring Hill ,FL,34606-4311,(352) 683-8305
#55 Davie FL,Pinch A Penny #55,11526 W State Road 84,,Davie,FL,33325-4022,(954) 472-5090
#56 Gainesville FL,Pinch A Penny #56,516 Nw 75Th St,Unit 10,Gainesville,FL,32607-1799,(352) 332-2933
#57 Miami FL,Pinch A Penny #57,14615 Sw 104Th St,,Miami,FL,33186-2905,(305) 386-4224
#58 Apopka FL,Pinch A Penny #58,1813 E Semoran Blvd,,Apopka,FL,32703-5718,(407) 889-2242
#59 Kissimmee FL,Pinch A Penny #59,618 W Vine St,,Kissimmee,FL,34741-4159,(407) 932-2300
#60 Port Orange FL,Pinch A Penny #60,3755 S Nova Rd,Ste C,Port Orange,FL,32129-4282,(386) 761-6583
#61 Mount Dora FL,Pinch A Penny #61,17973 Us Highway 441,,Mount Dora,FL,32757-6717,(352) 383-3900
#62 Cape Coral FL,Pinch A Penny #62,1221 Cape Coral Pkwy E,,Cape Coral,FL,33904-9604,(239) 945-1117
#63 Royal Palm Beach  FL,Pinch A Penny #63,400 Civic Center Way,,Royal Palm Beach ,FL,33411-5000,(561) 795-1346
#67 Clearwater  FL,Pinch A Penny #67,3030 Enterprise Rd E,,Clearwater ,FL,33759-1303,(727) 725-1419
#68 Tampa  FL,Pinch A Penny #68,6507 W Waters Ave,Ste 2,Tampa ,FL,33634-2283,(813) 887-3873
#69 North Fort Myers  FL,Pinch A Penny #69,4395 Hancock Bridge Pkwy,,North Fort Myers ,FL,33903-4250,(239) 656-0666
#71 Jacksonville Beach FL,Pinch A Penny #71,700 Third St South,,Jacksonville Beach,FL,32250-6628,(904) 247-0938
#73 Sebring FL,Pinch A Penny #73,189 Us Highway 27 S,,Sebring,FL,33870-2103,(863) 382-8700
#74 Plant City FL,Pinch A Penny #74,1411 S Collins St,,Plant City,FL,33563-6577,(813) 754-9500
#75 Tampa  FL,Pinch A Penny #75,14923 Bruce B Downs Blvd,,Tampa ,FL,33613-2860,(813) 972-1619
#76 Deltona FL,Pinch A Penny #76,915 Doyle Rd,Ste 301,Deltona,FL,32725-8267,(386) 860-5470
#77 Miami FL,Pinch A Penny #77,6834 Sw 81St St,,Miami,FL,33143-7708,(305) 666-5499
#78 Valdosta GA,Pinch A Penny #78,2517 Bemiss Road,,Valdosta,GA,31605-6041,(229) 245-1904
#80 Jacksonville FL,Pinch A Penny #80,8257 Normandy Blvd,Ste 3,Jacksonville,FL,32221-6689,(904) 695-0660
#82 Vero Beach FL,Pinch A Penny #82,982 14Th Ln,,Vero Beach,FL,32960-4734,(772) 778-7884
#85 Palm Coast FL,Pinch A Penny #85,7 Old Kings Rd N,Ste 36,Palm Coast,FL,32137-8247,(386) 446-1003
#86 Boynton Beach FL,Pinch A Penny #86,9819 S Military Trl,Ste I,Boynton Beach,FL,33436-3206,(561) 810-5591
#87 Hudson FL,Pinch A Penny #87,7839 State Road 52,,Hudson,FL,34667-6722,(727) 862-4232
#88 Oviedo FL,Pinch A Penny #88,1500 Alafaya Trl,Ste 1036,Oviedo,FL,32765-4517,(407) 365-3252
#89 Jupiter FL,Pinch A Penny #89,2532 W Indiantown Rd,,Jupiter,FL,33458-3935,(561) 746-5137
#92 Orlando FL,Pinch A Penny #92,4902 S Kirkman Rd,,Orlando,FL,32811-3646,(407) 578-8437
#93 Palm Bay FL,Pinch A Penny #93,4610 Babcock St Ne,,Palm Bay,FL,32905-2823,(321) 728-8116
#98 Pembroke Pines  FL,Pinch A Penny #98,11254 Pines Blvd,,Pembroke Pines ,FL,33026-4101,(954) 438-5994
#99 Inverness FL,Pinch A Penny #99,2661 E Gulf To Lake Hwy,Unit D-2,Inverness,FL,34453-3216,(352) 726-2766
#101 Lutz FL,Pinch A Penny #101,21202 Mariner Pl,,Lutz,FL,33549-4103,(813) 948-7665
#102 Tallahassee  FL,Pinch A Penny #102,3720 N Monroe St,,Tallahassee ,FL,32303-2754,(850) 562-5330
#103 Deland FL,Pinch A Penny #103,1744 S Woodland Blvd,,Deland,FL,32720-7915,(386) 734-9177
#104 Sarasota FL,Pinch A Penny #104,7505 S Tamiami Trl,,Sarasota,FL,34231-6901,(941) 923-0477
#105 Naples FL,Pinch A Penny #105,11677 Collier Blvd # 951,,Naples,FL,34116-6581,(239) 455-4025
#106 Stuart FL,Pinch A Penny #106,5162 Se Federal Hwy,,Stuart,FL,34997-6629,(772) 286-5757
#108 Bradenton FL,Pinch A Penny #108,6144 State Road 70 E,,Bradenton,FL,34203-9712,(941) 758-8178
#109 Fort Walton Beach FL,Pinch A Penny #109,737 Beal Pkwy Nw,Units B-C,Fort Walton Beach,FL,32547-3066,(850) 864-3640
#110 Orlando FL,Pinch A Penny #110,5705 Edgewater Dr,,Orlando,FL,32810-5258,(407) 291-3222
#111 Melbourne FL,Pinch A Penny #111,5805 N Wickham Rd,,Melbourne,FL,32940-7338,(321) 259-6618
#112 Miami Lakes FL,Pinch A Penny #112,15540 Nw 77Th Ct,,Miami Lakes,FL,33016-5804,(305) 558-9566
#113 Leesburg FL,Pinch A Penny #113,2251 Citrus Blvd,,Leesburg,FL,34748-3013,(352) 315-1111
#114 Miami FL,Pinch A Penny #114,15473 Sw 137Th Ave,,Miami,FL,33177-1279,(305) 234-7457
#115 New Port Richey  FL,Pinch A Penny #115,5304 Little Rd,,New Port Richey ,FL,34655-1294,(727) 375-9314
#118 Saint Cloud FL,Pinch A Penny #118,4507 Old Canoe Creek Rd,,Saint Cloud,FL,34769-1551,(407) 957-1136
#120 Davie FL,Pinch A Penny #120,4456 Weston Rd,,Davie,FL,33331-3194,(954) 385-7777
#121 Orlando FL,Pinch A Penny #121,8929 Conroy Windermere Rd,,Orlando,FL,32835-3127,(407) 909-1806
#122 Naples FL,Pinch A Penny #122,7935 Airport Pulling Rd N,Ste 3,Naples,FL,34109-1732,(239) 514-4454
#123 Melbourne FL,Pinch A Penny #123,2255 N Wickham Rd,Unit 106,Melbourne,FL,32935-8012,(321) 751-1205
#124 Holiday FL,Pinch A Penny #124,3426 Us Highway 19,,Holiday,FL,34691-1850,(727) 847-9551
#125 Mobile AL,Pinch A Penny #125,8600 Cottage Hill Road,Suite 105,Mobile,AL,36695,(251) 634-0684
#126 Spring Hill  FL,Pinch A Penny #126,14393 Spring Hill Dr,,Spring Hill ,FL,34609-8199,(352) 686-3550
#127 Clermont FL,Pinch A Penny #127,1778 E Highway 50,,Clermont,FL,34711-2778,(352) 243-6077
#128 Orlando FL,Pinch A Penny #128,7577 W Sand Lake Rd,,Orlando,FL,32819-5109,(407) 996-7665
#129 Wesley Chapel FL,Pinch A Penny #129,27245 Wesley Chapel Blvd,,Wesley Chapel,FL,33544-4285,(813) 973-1939
#130 Apollo Beach FL,Pinch A Penny #130,6508 N Us Highway 41,,Apollo Beach,FL,33572-1700,(813) 645-7946
#131 Orlando FL,Pinch A Penny #131,5833 S Goldenrod Rd,Ste A,Orlando,FL,32822-8777,(407) 281-7774
#134 Fort Myers FL,Pinch A Penny #134,18990 S Tamiami Trl,Unit 2,Fort Myers,FL,33908-4737,(239) 433-1171
#135 Kissimmee FL,Pinch A Penny #135,869 Cypress Pkwy,,Kissimmee,FL,34759-3408,(407) 847-3929
#137 Rockledge FL,Pinch A Penny #137,3813 Murrell Rd,,Rockledge,FL,32955-4740,(321) 504-6400
#138 Clermont FL,Pinch A Penny #138,17445 Us Highway 192,Ste 5,Clermont,FL,34714-7016,(352) 243-7501
#140 Englewood FL,Pinch A Penny #140,4245 S Access Rd,,Englewood,FL,34224-8277,(941) 475-1959
#141 Lighthouse Point  FL,Pinch A Penny #141,4758 N Federal Hwy,,Lighthouse Point ,FL,33064-6553,(954) 946-2002
#142 Tampa FL,Pinch A Penny #142,12239 W Linebaugh Ave,,Tampa,FL,33626-1743,(813) 855-5966
#143 Homosassa FL,Pinch A Penny #143,9429 S Suncoast Blvd,,Homosassa,FL,34446-5033,(352) 382-5102
#144 Winter Springs FL,Pinch A Penny #144,1146 E State Road 434,,Winter Springs,FL,32708-2715,(407) 327-6006
#145 Port Saint Lucie  FL,Pinch A Penny #145,2850 Sw Port St Lucie Blvd,,Port Saint Lucie ,FL,34953-2807,(772) 340-3424
#146 Jacksonville FL,Pinch A Penny #146,12220 Atlantic Blvd,Ste 117,Jacksonville,FL,32225-5826,(904) 220-9490
#150 Coconut Creek  FL,Pinch A Penny #150,4420 W Hillsboro Blvd,Ste 107,Coconut Creek ,FL,33073-4812,(954) 421-1112
#151 Pembroke Pines  FL,Pinch A Penny #151,6820 Sw 195Th Ave,,Pembroke Pines ,FL,33332-1656,(954) 434-1732
#152 Wellington  FL,Pinch A Penny #152,11924 Forest Hill Blvd,Ste 21,Wellington ,FL,33414-6200,(561) 383-7744
#153 Tampa  FL,Pinch A Penny #153,10944 Cross Creek Blvd,,Tampa ,FL,33647-4034,(813) 982-0030
#154 New Smyrna Beach  FL,Pinch A Penny #154,214 N Dixie Fwy,,New Smyrna Beach ,FL,32168-7016,(386) 428-3979
#156 Plantation  FL,Pinch A Penny #156,6945 W Broward Blvd,,Plantation ,FL,33317-2902,(954) 797-0348
#158 Apopka  FL,Pinch A Penny #158,1685 Rock Springs Rd,,Apopka ,FL,32712-2229,(407) 886-6313
#159 Riverview  FL,Pinch A Penny #159,6347 Us Highway 301 S,,Riverview ,FL,33578-2843,(813) 672-7669
#161 Miami FL,Pinch A Penny #161,833 Sw 29Th Ave,,Miami,FL,33135-4551,(305) 541-5165
#162 Oldsmar FL,Pinch A Penny #162,3800 Tampa Rd,,Oldsmar,FL,34677-3046,(813) 818-8530
#164 West Melbourne  FL,Pinch A Penny #164,4195 W New Haven Ave,Ste 6,West Melbourne ,FL,32904-1700,(321) 723-4999
#169 Fleming Island FL,Pinch A Penny #169,1615 County Road 220,Unit 120,Fleming Island,FL,32003-4905,(904) 278-7665
#170 Ocala FL,Pinch A Penny #170,9590 Sw Highway 200,Unit 14,Ocala,FL,34481-5171,(352) 622-0026
#172 Saint Augustine  FL,Pinch A Penny #172,980 Santa Maria Blvd,,Saint Augustine ,FL,32086,(904) 794-6767
#173 Palm City FL,Pinch A Penny #173,3079 Sw Martin Downs Blvd,Unit 15,Palm City,FL,34990-2644,(772) 781-4820
#174 Fernandina Beach  FL,Pinch A Penny #174,474347 State Road 200,Unit 2,Fernandina Beach ,FL,32034,(904) 321-4133
#175 Riverview  FL,Pinch A Penny #175,13448 Boyette Rd,,Riverview ,FL,33569-5706,(813) 657-1054
#176 West Bradenton FL,Pinch A Penny #176,5852 14Th Street,,West Bradenton,FL,34207,(941) 758-5400
#177 Ponte Vedra Beach  FL,Pinch A Penny #177,886 A1a N,Ste 1,Ponte Vedra Beach ,FL,32082,(904) 280-0025
#180 Cape Coral FL,Pinch A Penny #180,1242 Sw Pine Island Rd,,Cape Coral,FL,33991-2120,(239) 772-2300
#181 Zephyrhills  FL,Pinch A Penny #181,7348 Gall Blvd,Unit 2B,Zephyrhills ,FL,33541-4308,(813) 782-8220
#182 Port St. Lucie  FL,Pinch A Penny #182,1457 Nw St. Lucie West Blvd,,Port St. Lucie ,FL,34986-1968,(772) 878-7180
#183 Odessa FL,Pinch A Penny #183,16214 State Road 54,Unit E600,Odessa,FL,33556-3729,(813) 792-1441
#184 Osprey FL,Pinch A Penny #184,1268 S Tamiami Trl,Ste B-108,Osprey,FL,34229-9692,(941) 918-8026
#185 Windermere FL,Pinch A Penny #185,13600 Summerport Village Parkway,,Windermere,FL,34786,(407) 654-0253
#186 Margate FL,Pinch A Penny #186,5479 W Atlantic Blvd,#10,Margate,FL,33063-5210,(954) 975-8558
#187 Tallahassee  FL,Pinch A Penny #187,6668 Thomasville Rd,Ste 1,Tallahassee ,FL,32312-4878,(850) 222-4600
#188 Fort Myers FL,Pinch A Penny #188,15660 San Carlos Blvd,Suite# 250,Fort Myers,FL,33908,(239) 433-3198
#189 Delray Beach FL,Pinch A Penny #189,3135 S Federal Hwy,Unit 13,Delray Beach,FL,33483-3211,(561) 921-0204
#190 Sebastian FL,Pinch A Penny #190,1451 Sebastian Blvd,Unit 140,Sebastian,FL,32958-5166,(772) 589-7875
#192 Deltona FL,Pinch A Penny #192,2783 Elkcam Blvd,Unit 204,Deltona,FL,32738-3427,(386) 532-6140
#193 Fort Myers FL,Pinch A Penny #193,11861 Palm Beach Blvd,Unit 109,Fort Myers,FL,33905-5918,(239) 690-3223
#194 Sun City Center  FL,Pinch A Penny #194,1505 Sun City Center Plz,,Sun City Center ,FL,33573-5300,(813) 633-0000
#195 Lehigh Acres FL,Pinch A Penny #195,1336 Homestead Rd N,,Lehigh Acres,FL,33936-6024,(239) 369-1219
#196 Palm Coast FL,Pinch A Penny #196,5200 State Rd 100,Unit 103A,Palm Coast,FL,32164,(386) 437-8748
#198 Pensacola FL,Pinch A Penny #198,4423 W Fairfield Dr,,Pensacola,FL,32506-4101,(850) 637-1918
#199 Cocoa FL,Pinch A Penny #199,2311 State Road 524,Ste C-114,Cocoa,FL,32926-5896,(321) 633-9999
#205 Cape Coral  FL,Pinch A Penny #205,1616 Cape Coral Pkwy W,Unit 104,Cape Coral ,FL,33914-6979,(239) 540-0017
#206 Cutler Bay  FL,Pinch A Penny #206,19151 S Dixie Hwy,Unit 104,Cutler Bay ,FL,33157-7735,(305) 278-7665
#207 Longwood  FL,Pinch A Penny #207,264 W State Road 434,,Longwood ,FL,32750-5114,(321) 972-4918
#208 Miami FL,Pinch A Penny #208,12794 Sw 8Th St,,Miami,FL,33184-1326,(305) 228-4777
#209 Sarasota FL,Pinch A Penny #209,8308 Bee Ridge Rd,,Sarasota,FL,34241-6312,(941) 379-7946
#211 Cooper City FL,Pinch A Penny #211,8660 Griffin Rd,,Cooper City,FL,33328-3713,(954) 766-4899
#212 Lady Lake FL,Pinch A Penny #212,532 N Us Highway 27 (441),,Lady Lake,FL,32159-3776,(352) 561-4331
#213 Miami Shores FL,Pinch A Penny #213,9071 Biscayne Blvd,,Miami Shores,FL,33138-3221,(786) 518-3193
#214 Hialeah FL,Pinch A Penny #214,1549 W 49Th St,,Hialeah,FL,33012-2924,(305) 827-0950
#216 Delray Beach FL,Pinch A Penny #216,5195 W Atlantic Ave,Ste E,Delray Beach,FL,33484-8171,(561) 808-7455
#218 Ocala FL,Pinch A Penny #218,3855 E Silver Springs Blvd,Ste 103,Ocala,FL,34470-4929,(352) 390-6377
#219 Jacksonville FL,Pinch A Penny #219,731 Duval Station Rd,Unit 103,Jacksonville,FL,32218-0800,(904) 379-3621
#220 Fort Lauderdale  FL,Pinch A Penny #220,1133 N Federal Hwy,,Fort Lauderdale ,FL,33304-1423,(954) 495-8785
#221 Baton Rouge  LA,Pinch A Penny #221,4855 S Sherwood Forest Blvd,Ste D,Baton Rouge ,LA,70816-5031,(225) 412-4243
#223 Fort Myers  FL,Pinch A Penny #223,10676 Colonial Blvd,Unit 10,Fort Myers ,FL,33913-8715,(239) 561-2233
#224 Miramar  FL,Pinch A Penny #224,17149 Miramar Pkwy,Unit A05,Miramar ,FL,33027-4565,(954) 433-0486
#225 Homestead  FL,Pinch A Penny #225,30344 Old Dixie Hwy,,Homestead ,FL,33033-3215,(305) 247-7665
#226 Estero FL,Pinch A Penny #226,10020 Coconut Rd,Unit 132,Estero,FL,34135-8124,(239) 301-2287
#227 Prairieville LA,Pinch A Penny #227,37436 Ultima Plaza Blvd,Ste F,Prairieville,LA,70769-3858,(225) 402-4270
#228 Naples FL,Pinch A Penny #228,12608 Tamiami Trl E,,Naples,FL,34113-8451,(239) 529-6080
#230 Magnolia TX,Pinch A Penny #230,30340 Fm 2978 Rd,Suite 740,Magnolia,TX,77354-5128,(281) 323-4711
#232 North Port FL,Pinch A Penny #232,14942 Tamiami Trl,Unit K,North Port,FL,34287-2705,(941) 564-6065
#233 Houston TX,Pinch A Penny #233,12225 Westheimer Rd,,Houston,TX,77077-6061,(281) 616-5956
#234 Cypress TX,Pinch A Penny #234,13050 Louetta Rd,Ste 210,Cypress,TX,77429-5208,(346) 808-7952
#235 Davenport FL,Pinch A Penny #235,7730 Lake Wilson Rd,,Davenport,FL,33896-9601,(863) 420-7967
#236 Kissimmee FL,Pinch A Penny #236,1020 Buenaventura Blvd,Unit A-4,Kissimmee,FL,34743-7865,(407) 350-5444
#238 Katy TX,Pinch A Penny #238,9722 Gaston Rd,Ste 180,Katy,TX,77494-7945,(281) 665-8642
#241 McKinney TX,Pinch A Penny #241,301 N Custer Rd,Ste 130,McKinney,TX,75071-4845,(469) 625-1042
#242 Jacksonville FL,Pinch A Penny #242,9715 Crosshill Blvd,Ste 105,Jacksonville,FL,32222-5838,(904) 619-0939
#246 Kingwood TX,Pinch A Penny #246,4522 Kingwood Dr,,Kingwood,TX,77345-2600,(281) 360-3535
#247 Richmond TX,Pinch A Penny #247,1125 Crabb River Rd,Ste 140,Richmond,TX,77469-5895,(832) 945-4544
#248 Katy TX,Pinch A Penny #248,21040 Highland Knolls Dr,Ste 400,Katy,TX,77450-1581,(281) 717-8164
#249 Houston TX,Pinch A Penny #249,12120 Jones Rd,Ste A,Houston,TX,77070-5280,(281) 653-9203
#251 Ormond Beach FL,Pinch A Penny #251,1930 W Granada Blvd,Ste 4,Ormond Beach,FL,32174-5714,(386) 238-9648
#252 Englewood FL,Pinch A Penny #252,1865 Englewood Road,,Englewood,FL,34223,(941) 828-1440
#253 Oviedo FL,Pinch A Penny #253,329 W. County Road 419,Suite 1103,Oviedo,FL,32766,(321) 765-7312
#254 Mandeville LA,Pinch A Penny #254,4350 Highway 22,Ste B,Mandeville,LA,70471-5302,(985) 778-0645
#255 San Antonio TX,Pinch A Penny #255,18415 Blanco Rd,Ste 109,San Antonio,TX,78258-4020,(210) 447-7779
#257 Richmond TX,Pinch A Penny #257,9711 S. Mason Road,Suite 105,Richmond,TX,77407,(832) 437-1467
#258 Cocoa FL,Pinch A Penny #258,6269 N. Highway 1,,Cocoa,FL,32927,(321) 735-8699
#259 Conroe TX,Pinch A Penny #259,4489 West Davis Street,Suite 220,Conroe,TX,77304,(936) 701-0926
#260 Bunswick GA,Pinch A Penny #260,5639 Altama Avenue Brunswick,,Bunswick,GA,31525,(912) 275-8136
#261 Tomball TX,Pinch A Penny #261,25640 Kuykendahl Road,Suite E,Tomball,TX,77373,(346) 808-0114
#262 Lake Arlington TX,Pinch A Penny #262,4407 Little Road,Suite 680,Lake Arlington,TX,76017,(817) 765-2180
#263 The Woodlands TX,Pinch A Penny #263,4223 Research Forest Drive,Suite 350,The Woodlands,TX,77381,(832) 757-1787
#265 North Richland Hills TX,Pinch A Penny #265,9138 North Tarrant Parkway,Suite 100,North Richland Hills,TX,76182,(817) 576-4771
#266 Davenport FL,Pinch A Penny #266,1170 Champions Drive,,Davenport,FL,33897,(863) 438-2638
#269 Cypress TX,Pinch A Penny #269,17333 Spring Cypress Road,Suite C,Cypress,TX,77429,(832) 363-5204
#272 Houston TX,Pinch A Penny #272,12534 Memorial Drive,,Houston,TX,77024,(713) 364-2838
#273 Pearland TX,Pinch A Penny #273,2732 Broadway Street,,Pearland,TX,77581,(830) 999-7665
#274 Houston TX,Pinch A Penny #274,2429 Bay Area Boulevard,,Houston,TX,77058,(281) 727-7665
#276 Orange City FL,Pinch A Penny #276,816 Saxon Boulevard,Suite 1 & 2,Orange City,FL,32763,(386) 349-9885
#278 Destin FL,Pinch A Penny #278,4010 Commons Drive West,Suite 118,Destin,FL,32541,(850) 533-5153
#279 Pace FL,Pinch A Penny #279,5697 Tilubo Lane,Suite 102-103,Pace,FL,32571,(850) 736-8524
#280 League City TX,Pinch A Penny #280,3729 E League City Parkway,Suite 150,League City,TX,77573,(832) 226-6397
#282 San Antonio  TX,Pinch A Penny #282,12611 West Interstate 10,Unit #103,San Antonio ,TX,78230,(210) 447-7005
#285 Enterprise AL,Pinch A Penny #285,621 Boll Weevil Circle,Suite 26,Enterprise,AL,36330,(334) 390-3040
#286 Richardson TX,Pinch A Penny #286,101 South Coit Road,Suite 399,Richardson,TX,75080,(214) 484-5175
#289 Katy TX,Pinch A Penny #289,22720 Morton Ranch Road,Suite 130,Katy,TX,77449,(832) 810-7774
#291 Lynn Haven FL,Pinch A Penny #291,Lynn Haven Plaza; 1812 South Highway 77,Suite #106,Lynn Haven,FL,32444,(850) 257-1130
#292 Spring TX,Pinch A Penny #292,2115 Rayford Road,Suite 105 s,Spring,TX,77386,(936) 320-1913
#294 New Braunfels TX,Pinch A Penny #294,1671 Interstate 35 S,Suite #302,New Braunfels,TX,78130,(830) 214-0240
#299 Murphy TX,Pinch A Penny #299,109 North Murphy Road,,Murphy,TX,75094,(214) 501-3884
#304 Port St Lucie  FL,Pinch A Penny #304,,,Port St Lucie ,FL,34987,(772) 281-0711
#306 Gilbert AZ,Pinch A Penny #306,1073E Baseline Road,Suite A106,Gilbert,AZ,85233,
#307 Boerne TX,Pinch A Penny #307,29250 Old Fredericksburg Rd,Ste 103,Boerne,TX,78015,(830) 428-0388
#309 Dallas TX,Pinch A Penny #309,10455 N. Sentral Expressway,Suite 111,Dallas,TX,75231,(972) 713-5557
#310 Scottsdale AZ,Pinch A Penny #310,11291 East Via Linda,Suite 120,Scottsdale,AZ,85259,(480) 602-7665
#313 Houston TX,Pinch A Penny #313,Champions Village Shopping Center; 5315 Fm 1960 Road West,Suite #A,Houston,TX,77069,(832) 497-0168
#315 Orlando FL,Pinch A Penny #315,12922 Sunstone Avenue,Suite 101,Orlando,FL,32832,

